{
  "project_info": {
    "project_number": "807223099069",
    "firebase_url": "https://scoutbuddy3.firebaseio.com",
    "project_id": "scoutbuddy3",
    "storage_bucket": "scoutbuddy3.appspot.com"
  },
  "client": [
    {
      "client_info": {
        "mobilesdk_app_id": "1:807223099069:android:d4bad473e42bf931",
        "android_client_info": {
          "package_name": "com.scoutbuddy.trail4.scoutbuddy"
        }
      },
      "oauth_client": [
        {
          "client_id": "807223099069-8vf2ofvi6tjdivjkn1aidt6hgs1fc6oa.apps.googleusercontent.com",
          "client_type": 1,
          "android_info": {
            "package_name": "com.scoutbuddy.trail4.scoutbuddy",
            "certificate_hash": "a35c65ade3c50fcea9142a11a8fdf608ea2d8e33"
          }
        },
        {
          "client_id": "807223099069-jl6ncu0jbirbj0i3p5oek31h1gtg1hi1.apps.googleusercontent.com",
          "client_type": 3
        }
      ],
      "api_key": [
        {
          "current_key": "AIzaSyCWJSrGdzLoK8yABtAXPdWQR9wsvCCggjM"
        }
      ],
      "services": {
        "analytics_service": {
          "status": 1
        },
        "appinvite_service": {
          "status": 2,
          "other_platform_oauth_client": [
            {
              "client_id": "807223099069-jl6ncu0jbirbj0i3p5oek31h1gtg1hi1.apps.googleusercontent.com",
              "client_type": 3
            }
          ]
        },
        "ads_service": {
          "status": 2
        }
      }
    }
  ],
  "configuration_version": "1"
}